Bioma,Km2
Caatinga,57.68034629447744
Mata Atlântica,83.40747933071943
Cerrado,223.7126293438959
